Season,Round,Grand_Prix,Weekend_Hard,Weekend_Medium,Weekend_Soft,Data_Status,Wikipedia_Source,Official_Source
2018,1,Australian Grand Prix,C3,C4,C5,Announced,https://en.wikipedia.org/wiki/2018_Australian_Grand_Prix,https://press.pirelli.com/?h=1&t=2018%20tyre%20compound%20choices
2018,2,Bahrain Grand Prix,C2,C3,C4,Announced,https://en.wikipedia.org/wiki/2018_Bahrain_Grand_Prix,https://press.pirelli.com/?h=1&t=2018%20tyre%20compound%20choices
2018,3,Chinese Grand Prix,C2,C3,C5,Announced,https://en.wikipedia.org/wiki/2018_Chinese_Grand_Prix,https://press.pirelli.com/?h=1&t=2018%20tyre%20compound%20choices
2018,4,Azerbaijan Grand Prix,C3,C4,C5,Announced,https://en.wikipedia.org/wiki/2018_Azerbaijan_Grand_Prix,https://press.pirelli.com/?h=1&t=2018%20tyre%20compound%20choices
2018,5,Spanish Grand Prix,C2,C3,C4,Announced,https://en.wikipedia.org/wiki/2018_Spanish_Grand_Prix,https://press.pirelli.com/?h=1&t=2018%20tyre%20compound%20choices
2018,6,Monaco Grand Prix,C4,C5,C6,Announced,https://en.wikipedia.org/wiki/2018_Monaco_Grand_Prix,https://press.pirelli.com/?h=1&t=2018%20tyre%20compound%20choices
2018,7,Canadian Grand Prix,C4,C5,C6,Announced,https://en.wikipedia.org/wiki/2018_Canadian_Grand_Prix,https://press.pirelli.com/?h=1&t=2018%20tyre%20compound%20choices
2018,8,French Grand Prix,C3,C4,C5,Announced,https://en.wikipedia.org/wiki/2018_French_Grand_Prix,https://press.pirelli.com/?h=1&t=2018%20tyre%20compound%20choices
2018,9,Austrian Grand Prix,C3,C4,C5,Announced,https://en.wikipedia.org/wiki/2018_Austrian_Grand_Prix,https://press.pirelli.com/?h=1&t=2018%20tyre%20compound%20choices
2018,10,British Grand Prix,C1,C2,C3,Announced,https://en.wikipedia.org/wiki/2018_British_Grand_Prix,https://press.pirelli.com/?h=1&t=2018%20tyre%20compound%20choices
2018,11,German Grand Prix,C2,C3,C5,Announced,https://en.wikipedia.org/wiki/2018_German_Grand_Prix,https://press.pirelli.com/?h=1&t=2018%20tyre%20compound%20choices
2018,12,Hungarian Grand Prix,C2,C3,C5,Announced,https://en.wikipedia.org/wiki/2018_Hungarian_Grand_Prix,https://press.pirelli.com/?h=1&t=2018%20tyre%20compound%20choices
2018,13,Belgian Grand Prix,C2,C3,C4,Announced,https://en.wikipedia.org/wiki/2018_Belgian_Grand_Prix,https://press.pirelli.com/?h=1&t=2018%20tyre%20compound%20choices
2018,14,Italian Grand Prix,C2,C3,C4,Announced,https://en.wikipedia.org/wiki/2018_Italian_Grand_Prix,https://press.pirelli.com/?h=1&t=2018%20tyre%20compound%20choices
2018,15,Singapore Grand Prix,C3,C5,C6,Announced,https://en.wikipedia.org/wiki/2018_Singapore_Grand_Prix,https://press.pirelli.com/?h=1&t=2018%20tyre%20compound%20choices
2018,16,Russian Grand Prix,C4,C5,C6,Announced,https://en.wikipedia.org/wiki/2018_Russian_Grand_Prix,https://press.pirelli.com/?h=1&t=2018%20tyre%20compound%20choices
2018,17,Japanese Grand Prix,C2,C3,C4,Announced,https://en.wikipedia.org/wiki/2018_Japanese_Grand_Prix,https://press.pirelli.com/?h=1&t=2018%20tyre%20compound%20choices
2018,18,United States Grand Prix,C3,C4,C5,Announced,https://en.wikipedia.org/wiki/2018_United_States_Grand_Prix,https://press.pirelli.com/?h=1&t=2018%20tyre%20compound%20choices
2018,19,Mexican Grand Prix,C4,C5,C6,Announced,https://en.wikipedia.org/wiki/2018_Mexican_Grand_Prix,https://press.pirelli.com/?h=1&t=2018%20tyre%20compound%20choices
2018,20,Brazilian Grand Prix,C2,C3,C4,Announced,https://en.wikipedia.org/wiki/2018_Brazilian_Grand_Prix,https://press.pirelli.com/?h=1&t=2018%20tyre%20compound%20choices
2018,21,Abu Dhabi Grand Prix,C4,C5,C6,Announced,https://en.wikipedia.org/wiki/2018_Abu_Dhabi_Grand_Prix,https://press.pirelli.com/?h=1&t=2018%20tyre%20compound%20choices
2019,1,Australian Grand Prix,C2,C3,C4,Announced,https://en.wikipedia.org/wiki/2019_Australian_Grand_Prix,https://press.pirelli.com/?h=1&t=2019%20tyre%20compound%20choices
2019,2,Bahrain Grand Prix,C1,C2,C3,Announced,https://en.wikipedia.org/wiki/2019_Bahrain_Grand_Prix,https://press.pirelli.com/?h=1&t=2019%20tyre%20compound%20choices
2019,3,Chinese Grand Prix,C2,C3,C4,Announced,https://en.wikipedia.org/wiki/2019_Chinese_Grand_Prix,https://press.pirelli.com/?h=1&t=2019%20tyre%20compound%20choices
2019,4,Azerbaijan Grand Prix,C2,C3,C4,Announced,https://en.wikipedia.org/wiki/2019_Azerbaijan_Grand_Prix,https://press.pirelli.com/?h=1&t=2019%20tyre%20compound%20choices
2019,5,Spanish Grand Prix,C1,C2,C3,Announced,https://en.wikipedia.org/wiki/2019_Spanish_Grand_Prix,https://press.pirelli.com/?h=1&t=2019%20tyre%20compound%20choices
2019,6,Monaco Grand Prix,C3,C4,C5,Announced,https://en.wikipedia.org/wiki/2019_Monaco_Grand_Prix,https://press.pirelli.com/?h=1&t=2019%20tyre%20compound%20choices
2019,7,Canadian Grand Prix,C3,C4,C5,Announced,https://en.wikipedia.org/wiki/2019_Canadian_Grand_Prix,https://press.pirelli.com/?h=1&t=2019%20tyre%20compound%20choices
2019,8,French Grand Prix,C2,C3,C4,Announced,https://en.wikipedia.org/wiki/2019_French_Grand_Prix,https://press.pirelli.com/?h=1&t=2019%20tyre%20compound%20choices
2019,9,Austrian Grand Prix,C2,C3,C4,Announced,https://en.wikipedia.org/wiki/2019_Austrian_Grand_Prix,https://press.pirelli.com/?h=1&t=2019%20tyre%20compound%20choices
2019,10,British Grand Prix,C1,C2,C3,Announced,https://en.wikipedia.org/wiki/2019_British_Grand_Prix,https://press.pirelli.com/?h=1&t=2019%20tyre%20compound%20choices
2019,11,German Grand Prix,C2,C3,C4,Announced,https://en.wikipedia.org/wiki/2019_German_Grand_Prix,https://press.pirelli.com/?h=1&t=2019%20tyre%20compound%20choices
2019,12,Hungarian Grand Prix,C2,C3,C4,Announced,https://en.wikipedia.org/wiki/2019_Hungarian_Grand_Prix,https://press.pirelli.com/?h=1&t=2019%20tyre%20compound%20choices
2019,13,Belgian Grand Prix,C1,C2,C3,Announced,https://en.wikipedia.org/wiki/2019_Belgian_Grand_Prix,https://press.pirelli.com/?h=1&t=2019%20tyre%20compound%20choices
2019,14,Italian Grand Prix,C2,C3,C4,Announced,https://en.wikipedia.org/wiki/2019_Italian_Grand_Prix,https://press.pirelli.com/?h=1&t=2019%20tyre%20compound%20choices
2019,15,Singapore Grand Prix,C3,C4,C5,Announced,https://en.wikipedia.org/wiki/2019_Singapore_Grand_Prix,https://press.pirelli.com/?h=1&t=2019%20tyre%20compound%20choices
2019,16,Russian Grand Prix,C2,C3,C4,Announced,https://en.wikipedia.org/wiki/2019_Russian_Grand_Prix,https://press.pirelli.com/?h=1&t=2019%20tyre%20compound%20choices
2019,17,Japanese Grand Prix,C1,C2,C3,Announced,https://en.wikipedia.org/wiki/2019_Japanese_Grand_Prix,https://press.pirelli.com/?h=1&t=2019%20tyre%20compound%20choices
2019,18,Mexican Grand Prix,C2,C3,C4,Announced,https://en.wikipedia.org/wiki/2019_Mexican_Grand_Prix,https://press.pirelli.com/?h=1&t=2019%20tyre%20compound%20choices
2019,19,United States Grand Prix,C2,C3,C4,Announced,https://en.wikipedia.org/wiki/2019_United_States_Grand_Prix,https://press.pirelli.com/?h=1&t=2019%20tyre%20compound%20choices
2019,20,Brazilian Grand Prix,C1,C2,C3,Announced,https://en.wikipedia.org/wiki/2019_Brazilian_Grand_Prix,https://press.pirelli.com/?h=1&t=2019%20tyre%20compound%20choices
2019,21,Abu Dhabi Grand Prix,C3,C4,C5,Announced,https://en.wikipedia.org/wiki/2019_Abu_Dhabi_Grand_Prix,https://press.pirelli.com/?h=1&t=2019%20tyre%20compound%20choices
2020,1,Austrian Grand Prix,C2,C3,C4,Announced,https://en.wikipedia.org/wiki/2020_Austrian_Grand_Prix,https://press.pirelli.com/?h=1&t=2020%20tyre%20compound%20choices
2020,2,Styrian Grand Prix,C2,C3,C4,Announced,https://en.wikipedia.org/wiki/2020_Styrian_Grand_Prix,https://press.pirelli.com/?h=1&t=2020%20tyre%20compound%20choices
2020,3,Hungarian Grand Prix,C2,C3,C4,Announced,https://en.wikipedia.org/wiki/2020_Hungarian_Grand_Prix,https://press.pirelli.com/?h=1&t=2020%20tyre%20compound%20choices
2020,4,British Grand Prix,C1,C2,C3,Announced,https://en.wikipedia.org/wiki/2020_British_Grand_Prix,https://press.pirelli.com/?h=1&t=2020%20tyre%20compound%20choices
2020,5,70th Anniversary Grand Prix,C2,C3,C4,Announced,https://en.wikipedia.org/wiki/2020_70th_Anniversary_Grand_Prix,https://press.pirelli.com/?h=1&t=2020%20tyre%20compound%20choices
2020,6,Spanish Grand Prix,C1,C2,C3,Announced,https://en.wikipedia.org/wiki/2020_Spanish_Grand_Prix,https://press.pirelli.com/?h=1&t=2020%20tyre%20compound%20choices
2020,7,Belgian Grand Prix,C2,C3,C4,Announced,https://en.wikipedia.org/wiki/2020_Belgian_Grand_Prix,https://press.pirelli.com/?h=1&t=2020%20tyre%20compound%20choices
2020,8,Italian Grand Prix,C2,C3,C4,Announced,https://en.wikipedia.org/wiki/2020_Italian_Grand_Prix,https://press.pirelli.com/?h=1&t=2020%20tyre%20compound%20choices
2020,9,Tuscan Grand Prix,C1,C2,C3,Announced,https://en.wikipedia.org/wiki/2020_Tuscan_Grand_Prix,https://press.pirelli.com/?h=1&t=2020%20tyre%20compound%20choices
2020,10,Russian Grand Prix,C3,C4,C5,Announced,https://en.wikipedia.org/wiki/2020_Russian_Grand_Prix,https://press.pirelli.com/?h=1&t=2020%20tyre%20compound%20choices
2020,11,Eifel Grand Prix,C2,C3,C4,Announced,https://en.wikipedia.org/wiki/2020_Eifel_Grand_Prix,https://press.pirelli.com/?h=1&t=2020%20tyre%20compound%20choices
2020,12,Portuguese Grand Prix,C1,C2,C3,Announced,https://en.wikipedia.org/wiki/2020_Portuguese_Grand_Prix,https://press.pirelli.com/?h=1&t=2020%20tyre%20compound%20choices
2020,13,Emilia Romagna Grand Prix,C2,C3,C4,Announced,https://en.wikipedia.org/wiki/2020_Emilia_Romagna_Grand_Prix,https://press.pirelli.com/?h=1&t=2020%20tyre%20compound%20choices
2020,14,Turkish Grand Prix,C1,C2,C3,Announced,https://en.wikipedia.org/wiki/2020_Turkish_Grand_Prix,https://press.pirelli.com/?h=1&t=2020%20tyre%20compound%20choices
2020,15,Bahrain Grand Prix,C2,C3,C4,Announced,https://en.wikipedia.org/wiki/2020_Bahrain_Grand_Prix,https://press.pirelli.com/?h=1&t=2020%20tyre%20compound%20choices
2020,16,Sakhir Grand Prix,C2,C3,C4,Announced,https://en.wikipedia.org/wiki/2020_Sakhir_Grand_Prix,https://press.pirelli.com/?h=1&t=2020%20tyre%20compound%20choices
2020,17,Abu Dhabi Grand Prix,C3,C4,C5,Announced,https://en.wikipedia.org/wiki/2020_Abu_Dhabi_Grand_Prix,https://press.pirelli.com/?h=1&t=2020%20tyre%20compound%20choices
2021,1,Bahrain Grand Prix,C2,C3,C4,Announced,https://en.wikipedia.org/wiki/2021_Bahrain_Grand_Prix,https://press.pirelli.com/?h=1&t=2021%20tyre%20compound%20choices
2021,2,Emilia Romagna Grand Prix,C2,C3,C4,Announced,https://en.wikipedia.org/wiki/2021_Emilia_Romagna_Grand_Prix,https://press.pirelli.com/?h=1&t=2021%20tyre%20compound%20choices
2021,3,Portuguese Grand Prix,C1,C2,C3,Announced,https://en.wikipedia.org/wiki/2021_Portuguese_Grand_Prix,https://press.pirelli.com/?h=1&t=2021%20tyre%20compound%20choices
2021,4,Spanish Grand Prix,C1,C2,C3,Announced,https://en.wikipedia.org/wiki/2021_Spanish_Grand_Prix,https://press.pirelli.com/?h=1&t=2021%20tyre%20compound%20choices
2021,5,Monaco Grand Prix,C3,C4,C5,Announced,https://en.wikipedia.org/wiki/2021_Monaco_Grand_Prix,https://press.pirelli.com/?h=1&t=2021%20tyre%20compound%20choices
2021,6,Azerbaijan Grand Prix,C3,C4,C5,Announced,https://en.wikipedia.org/wiki/2021_Azerbaijan_Grand_Prix,https://press.pirelli.com/?h=1&t=2021%20tyre%20compound%20choices
2021,7,French Grand Prix,C2,C3,C4,Announced,https://en.wikipedia.org/wiki/2021_French_Grand_Prix,https://press.pirelli.com/?h=1&t=2021%20tyre%20compound%20choices
2021,8,Styrian Grand Prix,C2,C3,C4,Announced,https://en.wikipedia.org/wiki/2021_Styrian_Grand_Prix,https://press.pirelli.com/?h=1&t=2021%20tyre%20compound%20choices
2021,9,Austrian Grand Prix,C2,C3,C4,Announced,https://en.wikipedia.org/wiki/2021_Austrian_Grand_Prix,https://press.pirelli.com/?h=1&t=2021%20tyre%20compound%20choices
2021,10,British Grand Prix,C1,C2,C3,Announced,https://en.wikipedia.org/wiki/2021_British_Grand_Prix,https://press.pirelli.com/?h=1&t=2021%20tyre%20compound%20choices
2021,11,Hungarian Grand Prix,C2,C3,C4,Announced,https://en.wikipedia.org/wiki/2021_Hungarian_Grand_Prix,https://press.pirelli.com/?h=1&t=2021%20tyre%20compound%20choices
2021,12,Belgian Grand Prix,C2,C3,C4,Announced,https://en.wikipedia.org/wiki/2021_Belgian_Grand_Prix,https://press.pirelli.com/?h=1&t=2021%20tyre%20compound%20choices
2021,13,Dutch Grand Prix,C1,C2,C3,Announced,https://en.wikipedia.org/wiki/2021_Dutch_Grand_Prix,https://press.pirelli.com/?h=1&t=2021%20tyre%20compound%20choices
2021,14,Italian Grand Prix,C2,C3,C4,Announced,https://en.wikipedia.org/wiki/2021_Italian_Grand_Prix,https://press.pirelli.com/?h=1&t=2021%20tyre%20compound%20choices
2021,15,Russian Grand Prix,C3,C4,C5,Announced,https://en.wikipedia.org/wiki/2021_Russian_Grand_Prix,https://press.pirelli.com/?h=1&t=2021%20tyre%20compound%20choices
2021,16,Turkish Grand Prix,C2,C3,C4,Announced,https://en.wikipedia.org/wiki/2021_Turkish_Grand_Prix,https://press.pirelli.com/?h=1&t=2021%20tyre%20compound%20choices
2021,17,United States Grand Prix,C2,C3,C4,Announced,https://en.wikipedia.org/wiki/2021_United_States_Grand_Prix,https://press.pirelli.com/?h=1&t=2021%20tyre%20compound%20choices
2021,18,Mexico City Grand Prix,C2,C3,C4,Announced,https://en.wikipedia.org/wiki/2021_Mexico_City_Grand_Prix,https://press.pirelli.com/?h=1&t=2021%20tyre%20compound%20choices
2021,19,Sao Paulo Grand Prix,C2,C3,C4,Announced,https://en.wikipedia.org/wiki/2021_S%C3%A3o_Paulo_Grand_Prix,https://press.pirelli.com/?h=1&t=2021%20tyre%20compound%20choices
2021,20,Qatar Grand Prix,C1,C2,C3,Announced,https://en.wikipedia.org/wiki/2021_Qatar_Grand_Prix,https://press.pirelli.com/?h=1&t=2021%20tyre%20compound%20choices
2021,21,Saudi Arabian Grand Prix,C2,C3,C4,Announced,https://en.wikipedia.org/wiki/2021_Saudi_Arabian_Grand_Prix,https://press.pirelli.com/?h=1&t=2021%20tyre%20compound%20choices
2021,22,Abu Dhabi Grand Prix,C3,C4,C5,Announced,https://en.wikipedia.org/wiki/2021_Abu_Dhabi_Grand_Prix,https://press.pirelli.com/?h=1&t=2021%20tyre%20compound%20choices
2022,1,Bahrain Grand Prix,C1,C2,C3,Announced,https://en.wikipedia.org/wiki/2022_Bahrain_Grand_Prix,https://press.pirelli.com/?h=1&t=2022%20tyre%20compound%20choices
2022,2,Saudi Arabian Grand Prix,C2,C3,C4,Announced,https://en.wikipedia.org/wiki/2022_Saudi_Arabian_Grand_Prix,https://press.pirelli.com/?h=1&t=2022%20tyre%20compound%20choices
2022,3,Australian Grand Prix,C2,C3,C5,Announced,https://en.wikipedia.org/wiki/2022_Australian_Grand_Prix,https://press.pirelli.com/?h=1&t=2022%20tyre%20compound%20choices
2022,4,Emilia Romagna Grand Prix,C2,C3,C4,Announced,https://en.wikipedia.org/wiki/2022_Emilia_Romagna_Grand_Prix,https://press.pirelli.com/?h=1&t=2022%20tyre%20compound%20choices
2022,5,Miami Grand Prix,C2,C3,C4,Announced,https://en.wikipedia.org/wiki/2022_Miami_Grand_Prix,https://press.pirelli.com/?h=1&t=2022%20tyre%20compound%20choices
2022,6,Spanish Grand Prix,C1,C2,C3,Announced,https://en.wikipedia.org/wiki/2022_Spanish_Grand_Prix,https://press.pirelli.com/?h=1&t=2022%20tyre%20compound%20choices
2022,7,Monaco Grand Prix,C3,C4,C5,Announced,https://en.wikipedia.org/wiki/2022_Monaco_Grand_Prix,https://press.pirelli.com/?h=1&t=2022%20tyre%20compound%20choices
2022,8,Azerbaijan Grand Prix,C3,C4,C5,Announced,https://en.wikipedia.org/wiki/2022_Azerbaijan_Grand_Prix,https://press.pirelli.com/?h=1&t=2022%20tyre%20compound%20choices
2022,9,Canadian Grand Prix,C3,C4,C5,Announced,https://en.wikipedia.org/wiki/2022_Canadian_Grand_Prix,https://press.pirelli.com/?h=1&t=2022%20tyre%20compound%20choices
2022,10,British Grand Prix,C1,C2,C3,Announced,https://en.wikipedia.org/wiki/2022_British_Grand_Prix,https://press.pirelli.com/?h=1&t=2022%20tyre%20compound%20choices
2022,11,Austrian Grand Prix,C3,C4,C5,Announced,https://en.wikipedia.org/wiki/2022_Austrian_Grand_Prix,https://press.pirelli.com/?h=1&t=2022%20tyre%20compound%20choices
2022,12,French Grand Prix,C2,C3,C4,Announced,https://en.wikipedia.org/wiki/2022_French_Grand_Prix,https://press.pirelli.com/?h=1&t=2022%20tyre%20compound%20choices
2022,13,Hungarian Grand Prix,C2,C3,C4,Announced,https://en.wikipedia.org/wiki/2022_Hungarian_Grand_Prix,https://press.pirelli.com/?h=1&t=2022%20tyre%20compound%20choices
2022,14,Belgian Grand Prix,C2,C3,C4,Announced,https://en.wikipedia.org/wiki/2022_Belgian_Grand_Prix,https://press.pirelli.com/?h=1&t=2022%20tyre%20compound%20choices
2022,15,Dutch Grand Prix,C1,C2,C3,Announced,https://en.wikipedia.org/wiki/2022_Dutch_Grand_Prix,https://press.pirelli.com/?h=1&t=2022%20tyre%20compound%20choices
2022,16,Italian Grand Prix,C2,C3,C4,Announced,https://en.wikipedia.org/wiki/2022_Italian_Grand_Prix,https://press.pirelli.com/?h=1&t=2022%20tyre%20compound%20choices
2022,17,Singapore Grand Prix,C3,C4,C5,Announced,https://en.wikipedia.org/wiki/2022_Singapore_Grand_Prix,https://press.pirelli.com/?h=1&t=2022%20tyre%20compound%20choices
2022,18,Japanese Grand Prix,C1,C2,C3,Announced,https://en.wikipedia.org/wiki/2022_Japanese_Grand_Prix,https://press.pirelli.com/?h=1&t=2022%20tyre%20compound%20choices
2022,19,United States Grand Prix,C2,C3,C4,Announced,https://en.wikipedia.org/wiki/2022_United_States_Grand_Prix,https://press.pirelli.com/?h=1&t=2022%20tyre%20compound%20choices
2022,20,Mexico City Grand Prix,C2,C3,C4,Announced,https://en.wikipedia.org/wiki/2022_Mexico_City_Grand_Prix,https://press.pirelli.com/?h=1&t=2022%20tyre%20compound%20choices
2022,21,Sao Paulo Grand Prix,C2,C3,C4,Announced,https://en.wikipedia.org/wiki/2022_S%C3%A3o_Paulo_Grand_Prix,https://press.pirelli.com/?h=1&t=2022%20tyre%20compound%20choices
2022,22,Abu Dhabi Grand Prix,C3,C4,C5,Announced,https://en.wikipedia.org/wiki/2022_Abu_Dhabi_Grand_Prix,https://press.pirelli.com/?h=1&t=2022%20tyre%20compound%20choices
2023,1,Bahrain Grand Prix,C1,C2,C3,Announced,https://en.wikipedia.org/wiki/2023_Bahrain_Grand_Prix,https://press.pirelli.com/?h=1&t=2023%20tyre%20compound%20choices
2023,2,Saudi Arabian Grand Prix,C2,C3,C4,Announced,https://en.wikipedia.org/wiki/2023_Saudi_Arabian_Grand_Prix,https://press.pirelli.com/?h=1&t=2023%20tyre%20compound%20choices
2023,3,Australian Grand Prix,C2,C3,C4,Announced,https://en.wikipedia.org/wiki/2023_Australian_Grand_Prix,https://press.pirelli.com/?h=1&t=2023%20tyre%20compound%20choices
2023,4,Azerbaijan Grand Prix,C3,C4,C5,Announced,https://en.wikipedia.org/wiki/2023_Azerbaijan_Grand_Prix,https://press.pirelli.com/?h=1&t=2023%20tyre%20compound%20choices
2023,5,Miami Grand Prix,C2,C3,C4,Announced,https://en.wikipedia.org/wiki/2023_Miami_Grand_Prix,https://press.pirelli.com/?h=1&t=2023%20tyre%20compound%20choices
2023,6,Monaco Grand Prix,C3,C4,C5,Announced,https://en.wikipedia.org/wiki/2023_Monaco_Grand_Prix,https://press.pirelli.com/?h=1&t=2023%20tyre%20compound%20choices
2023,7,Spanish Grand Prix,C1,C2,C3,Announced,https://en.wikipedia.org/wiki/2023_Spanish_Grand_Prix,https://press.pirelli.com/?h=1&t=2023%20tyre%20compound%20choices
2023,8,Canadian Grand Prix,C3,C4,C5,Announced,https://en.wikipedia.org/wiki/2023_Canadian_Grand_Prix,https://press.pirelli.com/?h=1&t=2023%20tyre%20compound%20choices
2023,9,Austrian Grand Prix,C3,C4,C5,Announced,https://en.wikipedia.org/wiki/2023_Austrian_Grand_Prix,https://press.pirelli.com/?h=1&t=2023%20tyre%20compound%20choices
2023,10,British Grand Prix,C1,C2,C3,Announced,https://en.wikipedia.org/wiki/2023_British_Grand_Prix,https://press.pirelli.com/?h=1&t=2023%20tyre%20compound%20choices
2023,11,Hungarian Grand Prix,C3,C4,C5,Announced,https://en.wikipedia.org/wiki/2023_Hungarian_Grand_Prix,https://press.pirelli.com/?h=1&t=2023%20tyre%20compound%20choices
2023,12,Belgian Grand Prix,C2,C3,C4,Announced,https://en.wikipedia.org/wiki/2023_Belgian_Grand_Prix,https://press.pirelli.com/?h=1&t=2023%20tyre%20compound%20choices
2023,13,Dutch Grand Prix,C1,C2,C3,Announced,https://en.wikipedia.org/wiki/2023_Dutch_Grand_Prix,https://press.pirelli.com/?h=1&t=2023%20tyre%20compound%20choices
2023,14,Italian Grand Prix,C3,C4,C5,Announced,https://en.wikipedia.org/wiki/2023_Italian_Grand_Prix,https://press.pirelli.com/?h=1&t=2023%20tyre%20compound%20choices
2023,15,Singapore Grand Prix,C3,C4,C5,Announced,https://en.wikipedia.org/wiki/2023_Singapore_Grand_Prix,https://press.pirelli.com/?h=1&t=2023%20tyre%20compound%20choices
2023,16,Japanese Grand Prix,C1,C2,C3,Announced,https://en.wikipedia.org/wiki/2023_Japanese_Grand_Prix,https://press.pirelli.com/?h=1&t=2023%20tyre%20compound%20choices
2023,17,Qatar Grand Prix,C1,C2,C3,Announced,https://en.wikipedia.org/wiki/2023_Qatar_Grand_Prix,https://press.pirelli.com/?h=1&t=2023%20tyre%20compound%20choices
2023,18,United States Grand Prix,C2,C3,C4,Announced,https://en.wikipedia.org/wiki/2023_United_States_Grand_Prix,https://press.pirelli.com/?h=1&t=2023%20tyre%20compound%20choices
2023,19,Mexico City Grand Prix,C3,C4,C5,Announced,https://en.wikipedia.org/wiki/2023_Mexico_City_Grand_Prix,https://press.pirelli.com/?h=1&t=2023%20tyre%20compound%20choices
2023,20,Sao Paulo Grand Prix,C2,C3,C4,Announced,https://en.wikipedia.org/wiki/2023_S%C3%A3o_Paulo_Grand_Prix,https://press.pirelli.com/?h=1&t=2023%20tyre%20compound%20choices
2023,21,Las Vegas Grand Prix,C3,C4,C5,Announced,https://en.wikipedia.org/wiki/2023_Las_Vegas_Grand_Prix,https://press.pirelli.com/?h=1&t=2023%20tyre%20compound%20choices
2023,22,Abu Dhabi Grand Prix,C3,C4,C5,Announced,https://en.wikipedia.org/wiki/2023_Abu_Dhabi_Grand_Prix,https://press.pirelli.com/?h=1&t=2023%20tyre%20compound%20choices
2024,1,Bahrain Grand Prix,C1,C2,C3,Announced,https://en.wikipedia.org/wiki/2024_Bahrain_Grand_Prix,https://press.pirelli.com/?h=1&t=2024%20tyre%20compound%20choices
2024,2,Saudi Arabian Grand Prix,C2,C3,C4,Announced,https://en.wikipedia.org/wiki/2024_Saudi_Arabian_Grand_Prix,https://press.pirelli.com/?h=1&t=2024%20tyre%20compound%20choices
2024,3,Australian Grand Prix,C3,C4,C5,Announced,https://en.wikipedia.org/wiki/2024_Australian_Grand_Prix,https://press.pirelli.com/?h=1&t=2024%20tyre%20compound%20choices
2024,4,Japanese Grand Prix,C1,C2,C3,Announced,https://en.wikipedia.org/wiki/2024_Japanese_Grand_Prix,https://press.pirelli.com/?h=1&t=2024%20tyre%20compound%20choices
2024,5,Chinese Grand Prix,C2,C3,C4,Announced,https://en.wikipedia.org/wiki/2024_Chinese_Grand_Prix,https://press.pirelli.com/?h=1&t=2024%20tyre%20compound%20choices
2024,6,Miami Grand Prix,C2,C3,C4,Announced,https://en.wikipedia.org/wiki/2024_Miami_Grand_Prix,https://press.pirelli.com/?h=1&t=2024%20tyre%20compound%20choices
2024,7,Emilia Romagna Grand Prix,C3,C4,C5,Announced,https://en.wikipedia.org/wiki/2024_Emilia_Romagna_Grand_Prix,https://press.pirelli.com/?h=1&t=2024%20tyre%20compound%20choices
2024,8,Monaco Grand Prix,C3,C4,C5,Announced,https://en.wikipedia.org/wiki/2024_Monaco_Grand_Prix,https://press.pirelli.com/?h=1&t=2024%20tyre%20compound%20choices
2024,9,Canadian Grand Prix,C3,C4,C5,Announced,https://en.wikipedia.org/wiki/2024_Canadian_Grand_Prix,https://press.pirelli.com/?h=1&t=2024%20tyre%20compound%20choices
2024,10,Spanish Grand Prix,C1,C2,C3,Announced,https://en.wikipedia.org/wiki/2024_Spanish_Grand_Prix,https://press.pirelli.com/?h=1&t=2024%20tyre%20compound%20choices
2024,11,Austrian Grand Prix,C3,C4,C5,Announced,https://en.wikipedia.org/wiki/2024_Austrian_Grand_Prix,https://press.pirelli.com/?h=1&t=2024%20tyre%20compound%20choices
2024,12,British Grand Prix,C1,C2,C3,Announced,https://en.wikipedia.org/wiki/2024_British_Grand_Prix,https://press.pirelli.com/?h=1&t=2024%20tyre%20compound%20choices
2024,13,Hungarian Grand Prix,C3,C4,C5,Announced,https://en.wikipedia.org/wiki/2024_Hungarian_Grand_Prix,https://press.pirelli.com/?h=1&t=2024%20tyre%20compound%20choices
2024,14,Belgian Grand Prix,C2,C3,C4,Announced,https://en.wikipedia.org/wiki/2024_Belgian_Grand_Prix,https://press.pirelli.com/?h=1&t=2024%20tyre%20compound%20choices
2024,15,Dutch Grand Prix,C1,C2,C3,Announced,https://en.wikipedia.org/wiki/2024_Dutch_Grand_Prix,https://press.pirelli.com/?h=1&t=2024%20tyre%20compound%20choices
2024,16,Italian Grand Prix,C3,C4,C5,Announced,https://en.wikipedia.org/wiki/2024_Italian_Grand_Prix,https://press.pirelli.com/?h=1&t=2024%20tyre%20compound%20choices
2024,17,Azerbaijan Grand Prix,C3,C4,C5,Announced,https://en.wikipedia.org/wiki/2024_Azerbaijan_Grand_Prix,https://press.pirelli.com/?h=1&t=2024%20tyre%20compound%20choices
2024,18,Singapore Grand Prix,C3,C4,C5,Announced,https://en.wikipedia.org/wiki/2024_Singapore_Grand_Prix,https://press.pirelli.com/?h=1&t=2024%20tyre%20compound%20choices
2024,19,United States Grand Prix,C2,C3,C4,Announced,https://en.wikipedia.org/wiki/2024_United_States_Grand_Prix,https://press.pirelli.com/?h=1&t=2024%20tyre%20compound%20choices
2024,20,Mexico City Grand Prix,C3,C4,C5,Announced,https://en.wikipedia.org/wiki/2024_Mexico_City_Grand_Prix,https://press.pirelli.com/?h=1&t=2024%20tyre%20compound%20choices
2024,21,Sao Paulo Grand Prix,C3,C4,C5,Announced,https://en.wikipedia.org/wiki/2024_S%C3%A3o_Paulo_Grand_Prix,https://press.pirelli.com/?h=1&t=2024%20tyre%20compound%20choices
2024,22,Las Vegas Grand Prix,C3,C4,C5,Announced,https://en.wikipedia.org/wiki/2024_Las_Vegas_Grand_Prix,https://press.pirelli.com/?h=1&t=2024%20tyre%20compound%20choices
2024,23,Qatar Grand Prix,C1,C2,C3,Announced,https://en.wikipedia.org/wiki/2024_Qatar_Grand_Prix,https://press.pirelli.com/?h=1&t=2024%20tyre%20compound%20choices
2024,24,Abu Dhabi Grand Prix,C3,C4,C5,Announced,https://en.wikipedia.org/wiki/2024_Abu_Dhabi_Grand_Prix,https://press.pirelli.com/?h=1&t=2024%20tyre%20compound%20choices
2025,1,Australian Grand Prix,C3,C4,C5,Announced,https://en.wikipedia.org/wiki/2025_Australian_Grand_Prix,https://press.pirelli.com/?h=1&t=2025%20tyre%20compound%20choices
2025,2,Chinese Grand Prix,C2,C3,C4,Announced,https://en.wikipedia.org/wiki/2025_Chinese_Grand_Prix,https://press.pirelli.com/?h=1&t=2025%20tyre%20compound%20choices
2025,3,Japanese Grand Prix,C1,C2,C3,Announced,https://en.wikipedia.org/wiki/2025_Japanese_Grand_Prix,https://press.pirelli.com/?h=1&t=2025%20tyre%20compound%20choices
2025,4,Bahrain Grand Prix,C1,C2,C3,Announced,https://en.wikipedia.org/wiki/2025_Bahrain_Grand_Prix,https://press.pirelli.com/?h=1&t=2025%20tyre%20compound%20choices
2025,5,Saudi Arabian Grand Prix,C3,C4,C5,Announced,https://en.wikipedia.org/wiki/2025_Saudi_Arabian_Grand_Prix,https://press.pirelli.com/?h=1&t=2025%20tyre%20compound%20choices
2025,6,Miami Grand Prix,C3,C4,C5,Announced,https://en.wikipedia.org/wiki/2025_Miami_Grand_Prix,https://press.pirelli.com/?h=1&t=2025%20tyre%20compound%20choices
2025,7,Emilia Romagna Grand Prix,C4,C5,C6,Announced,https://en.wikipedia.org/wiki/2025_Emilia_Romagna_Grand_Prix,https://press.pirelli.com/?h=1&t=2025%20tyre%20compound%20choices
2025,8,Monaco Grand Prix,C4,C5,C6,Announced,https://en.wikipedia.org/wiki/2025_Monaco_Grand_Prix,https://press.pirelli.com/?h=1&t=2025%20tyre%20compound%20choices
2025,9,Spanish Grand Prix,C1,C2,C3,Announced,https://en.wikipedia.org/wiki/2025_Spanish_Grand_Prix,https://press.pirelli.com/?h=1&t=2025%20tyre%20compound%20choices
2025,10,Canadian Grand Prix,C4,C5,C6,Announced,https://en.wikipedia.org/wiki/2025_Canadian_Grand_Prix,https://press.pirelli.com/?h=1&t=2025%20tyre%20compound%20choices
2025,11,Austrian Grand Prix,C3,C4,C5,Announced,https://en.wikipedia.org/wiki/2025_Austrian_Grand_Prix,https://press.pirelli.com/?h=1&t=2025%20tyre%20compound%20choices
2025,12,British Grand Prix,C1,C2,C3,Announced,https://en.wikipedia.org/wiki/2025_British_Grand_Prix,https://press.pirelli.com/?h=1&t=2025%20tyre%20compound%20choices
2025,13,Belgian Grand Prix,C1,C3,C4,Announced,https://en.wikipedia.org/wiki/2025_Belgian_Grand_Prix,https://press.pirelli.com/?h=1&t=2025%20tyre%20compound%20choices
2025,14,Hungarian Grand Prix,C3,C4,C5,Announced,https://en.wikipedia.org/wiki/2025_Hungarian_Grand_Prix,https://press.pirelli.com/?h=1&t=2025%20tyre%20compound%20choices
2025,15,Dutch Grand Prix,C2,C3,C4,Announced,https://en.wikipedia.org/wiki/2025_Dutch_Grand_Prix,https://press.pirelli.com/?h=1&t=2025%20tyre%20compound%20choices
2025,16,Italian Grand Prix,C3,C4,C5,Announced,https://en.wikipedia.org/wiki/2025_Italian_Grand_Prix,https://press.pirelli.com/?h=1&t=2025%20tyre%20compound%20choices
2025,17,Azerbaijan Grand Prix,C4,C5,C6,Announced,https://en.wikipedia.org/wiki/2025_Azerbaijan_Grand_Prix,https://press.pirelli.com/?h=1&t=2025%20tyre%20compound%20choices
2025,18,Singapore Grand Prix,C3,C4,C5,Announced,https://en.wikipedia.org/wiki/2025_Singapore_Grand_Prix,https://press.pirelli.com/?h=1&t=2025%20tyre%20compound%20choices
2025,19,United States Grand Prix,C1,C3,C4,Announced,https://en.wikipedia.org/wiki/2025_United_States_Grand_Prix,https://press.pirelli.com/?h=1&t=2025%20tyre%20compound%20choices
2025,20,Mexico City Grand Prix,C2,C4,C5,Announced,https://en.wikipedia.org/wiki/2025_Mexico_City_Grand_Prix,https://press.pirelli.com/?h=1&t=2025%20tyre%20compound%20choices
2025,21,Sao Paulo Grand Prix,C2,C3,C4,Announced,https://en.wikipedia.org/wiki/2025_S%C3%A3o_Paulo_Grand_Prix,https://press.pirelli.com/?h=1&t=2025%20tyre%20compound%20choices
2025,22,Las Vegas Grand Prix,C3,C4,C5,Announced,https://en.wikipedia.org/wiki/2025_Las_Vegas_Grand_Prix,https://press.pirelli.com/?h=1&t=2025%20tyre%20compound%20choices
2025,23,Qatar Grand Prix,C1,C2,C3,Announced,https://en.wikipedia.org/wiki/2025_Qatar_Grand_Prix,https://press.pirelli.com/?h=1&t=2025%20tyre%20compound%20choices
2025,24,Abu Dhabi Grand Prix,C3,C4,C5,Announced,https://en.wikipedia.org/wiki/2025_Abu_Dhabi_Grand_Prix,https://press.pirelli.com/?h=1&t=2025%20tyre%20compound%20choices
2026,1,Australian Grand Prix,C3,C4,C5,Announced,https://en.wikipedia.org/wiki/2026_Australian_Grand_Prix,https://press.pirelli.com/?h=1&t=2026%20tyre%20compound%20choices
2026,2,Chinese Grand Prix,C2,C3,C4,Announced,https://en.wikipedia.org/wiki/2026_Chinese_Grand_Prix,https://press.pirelli.com/?h=1&t=2026%20tyre%20compound%20choices
2026,3,Japanese Grand Prix,C1,C2,C3,Announced,https://en.wikipedia.org/wiki/2026_Japanese_Grand_Prix,https://press.pirelli.com/?h=1&t=2026%20tyre%20compound%20choices
2026,4,Miami Grand Prix,C3,C4,C5,Announced,https://en.wikipedia.org/wiki/2026_Miami_Grand_Prix,https://press.pirelli.com/?h=1&t=2026%20tyre%20compound%20choices
2026,5,Canadian Grand Prix,C3,C4,C5,Announced,https://en.wikipedia.org/wiki/2026_Canadian_Grand_Prix,https://press.pirelli.com/?h=1&t=2026%20tyre%20compound%20choices
2026,6,Monaco Grand Prix,C3,C4,C5,Announced,https://en.wikipedia.org/wiki/2026_Monaco_Grand_Prix,https://press.pirelli.com/?h=1&t=2026%20tyre%20compound%20choices
2026,7,Barcelona-Catalunya Grand Prix,C1,C2,C3,Announced,https://en.wikipedia.org/wiki/2026_Barcelona-Catalunya_Grand_Prix,https://press.pirelli.com/?h=1&t=2026%20tyre%20compound%20choices
2026,8,Austrian Grand Prix,C3,C4,C5,Announced,https://en.wikipedia.org/wiki/2026_Austrian_Grand_Prix,https://press.pirelli.com/?h=1&t=2026%20tyre%20compound%20choices
2026,9,British Grand Prix,C1,C2,C3,Announced,https://en.wikipedia.org/wiki/2026_British_Grand_Prix,https://press.pirelli.com/?h=1&t=2026%20tyre%20compound%20choices
2026,10,Belgian Grand Prix,C2,C3,C4,Announced,https://en.wikipedia.org/wiki/2026_Belgian_Grand_Prix,https://press.pirelli.com/?h=1&t=2026%20tyre%20compound%20choices
2026,11,Hungarian Grand Prix,C3,C4,C5,Announced,https://en.wikipedia.org/wiki/2026_Hungarian_Grand_Prix,https://press.pirelli.com/?h=1&t=2026%20tyre%20compound%20choices
2026,12,Dutch Grand Prix,C2,C3,C4,Announced,https://en.wikipedia.org/wiki/2026_Dutch_Grand_Prix,https://press.pirelli.com/?h=1&t=2026%20tyre%20compound%20choices
2026,13,Italian Grand Prix,C3,C4,C5,Announced,https://en.wikipedia.org/wiki/2026_Italian_Grand_Prix,https://press.pirelli.com/?h=1&t=2026%20tyre%20compound%20choices
2026,14,Spanish Grand Prix,C2,C3,C4,Announced,https://en.wikipedia.org/wiki/2026_Spanish_Grand_Prix,https://press.pirelli.com/?h=1&t=2026%20tyre%20compound%20choices
2026,15,Azerbaijan Grand Prix,C3,C4,C5,Announced,https://en.wikipedia.org/wiki/2026_Azerbaijan_Grand_Prix,https://press.pirelli.com/?h=1&t=2026%20tyre%20compound%20choices
2026,16,Bahrain in Malaysia Grand Prix,C2,C3,C4,Announced,https://en.wikipedia.org/wiki/2026_Bahrain_Grand_Prix,https://press.pirelli.com/?h=1&t=2026%20tyre%20compound%20choices
2026,17,Singapore Grand Prix,C3,C4,C5,Announced,https://en.wikipedia.org/wiki/2026_Singapore_Grand_Prix,https://press.pirelli.com/?h=1&t=2026%20tyre%20compound%20choices
2026,18,United States Grand Prix,,,,Not announced as of 2026-09-29,https://en.wikipedia.org/wiki/2026_United_States_Grand_Prix,https://press.pirelli.com/?h=1&t=2026%20tyre%20compound%20choices
2026,19,Mexico City Grand Prix,,,,Not announced as of 2026-09-29,https://en.wikipedia.org/wiki/2026_Mexico_City_Grand_Prix,https://press.pirelli.com/?h=1&t=2026%20tyre%20compound%20choices
2026,20,Sao Paulo Grand Prix,,,,Not announced as of 2026-09-29,https://en.wikipedia.org/wiki/2026_S%C3%A3o_Paulo_Grand_Prix,https://press.pirelli.com/?h=1&t=2026%20tyre%20compound%20choices
2026,21,Las Vegas Grand Prix,,,,Not announced as of 2026-09-29,https://en.wikipedia.org/wiki/2026_Las_Vegas_Grand_Prix,https://press.pirelli.com/?h=1&t=2026%20tyre%20compound%20choices
2026,22,Qatar Grand Prix,,,,Not announced as of 2026-09-29,https://en.wikipedia.org/wiki/2026_Qatar_Grand_Prix,https://press.pirelli.com/?h=1&t=2026%20tyre%20compound%20choices
2026,23,Abu Dhabi Grand Prix,,,,Not announced as of 2026-09-29,https://en.wikipedia.org/wiki/2026_Abu_Dhabi_Grand_Prix,https://press.pirelli.com/?h=1&t=2026%20tyre%20compound%20choices
